advertiser,campaign_type,spend,installs,cpi,trial_starts_unique,cpt
Facebook Ads,Evergreen,883.73,995,0.8881708542713568,46,19.211521739130436
Facebook Ads,Other,196.5,205,0.9585365853658536,9,21.833333333333332
Organic,Other,0.0,399,0.0,12,0.0
pinterest_int,Other,1110.0,1467,0.7566462167689162,56,19.821428571428573
