advertiser,campaign_type,spend,installs,cpi,trial_starts_unique,cpt
Apple Search Ads,Advanced,31.63,26,1.2165384615384616,0,inf
Apple Search Ads,Basic,0.0,65,0.0,2,0.0
Facebook Ads,Evergreen,219.2,214,1.0242990654205606,22,9.963636363636363
Organic,Other,0.0,180,0.0,7,0.0
googleadwords_int,Other,230.0,79,2.911392405063291,3,76.66666666666667
pinterest_int,Other,260.0,317,0.8201892744479495,19,13.68421052631579
